Keyword,NZ,Waikato,Hamilton
barber shop hamilton,1300,1300,1000
barber,9900,480,320
hairstyle,8100,720,320
short hairstyles,6600,720,320
hair salon hamilton,480,390,320
hairdressers,9900,480,260
haircut,5400,320,210
barber shop,4400,320,210
mens haircuts,4400,320,170
hair salon,4400,320,170
barber shop near me,3600,210,140
eyelash extensions,2900,260,140
permanent,2900,210,110
hairstyles for men,2400,170,110
boys haircuts,2400,260,110
hamilton hair,140,140,110
hair colour,1900,210,90
grey street hamilton,170,110,90
barbers hamilton nz,110,110,90
bob haircut,1300,140,70
hamilton shop,210,90,70
hair hamilton,90,70,70
barbershop near me,1900,70,50
nail salon,1900,110,50
hair salons near me,1600,90,50
hair style men,1300,90,50
eyebrow threading,1300,90,50
highlight,1300,90,50
hair straightener,1000,90,50
beauty therapist,1000,90,50
fade haircut,1000,90,50
salon,1600,70,40
short haircuts for women,1000,90,40
perm,1000,70,40
hair cuttery,880,70,40
layered hair,880,90,40
medium hairstyles,720,70,40
barbers wellington,2900,40,30
nail salon near me,1000,70,30
pedicure,880,70,30
medium length haircuts,720,70,30
hairstyles for women,720,70,30
beard trimmer,720,50,30
beauty salon,720,50,30
manicure,720,50,30
long hairstyles,590,50,30
hair color,390,50,30
barber hamilton east,50,40,30
hair cut hamilton,40,40,30
barber shop hamilton east,30,30,30
lash extensions,590,40,20
kids haircuts,480,40,20
male haircuts,480,40,20
eyelash tinting,480,40,20
highlights hair,480,40,20
hair bleach,480,40,20
hair up,480,40,20
haircut for girls,480,50,20
pixie haircut,480,50,20
the barber shop,390,30,20
perm hair,390,30,20
how to cut your own hair,390,40,20
coloring,390,40,20
cool haircuts,390,40,20
haircuts for long hair,260,30,20
hair design,210,30,20
hairline,170,20,20
barber shop co,170,30,20
the barber shop hamilton,30,30,20
mens haircut hamilton,30,30,20
best barber in hamilton,30,30,20
cuba barbers,480,10,10
makeup artist,390,30,10
beautician,390,30,10
hairstyle for men,320,20,10
cornrow braids,320,20,10
barber shop wellington,320,10,10
haircuts for women,260,20,10
hair cutting style,260,30,10
long haircuts,260,20,10
hair cuts for women,260,20,10
beauty parlour,260,10,10
beauty salon near me,260,10,10
hair cut men,260,10,10
beauty shop,260,20,10
crows nest,260,30,10
prom hairstyles,260,30,10
guy haircuts,260,20,10
hair braiding,210,20,10
bridal makeup,210,20,10
eyebrow waxing,210,10,10
hairdo,210,20,10
mens hairdresser,210,10,10
wedding hair,210,20,10
brothers barbershop,210,10,10
hair trimmer,170,10,10
hair stylist,170,20,10
mens barber,170,10,10
haircut for women,170,20,10
mens haircuts near me,170,10,10
natural hair colors,170,10,10
weave hair,170,10,10
wedding hairstyle,170,10,10
hair cutting images,170,10,10
short hair cut,170,10,10
barber shop movie,170,10,10
formal hairstyles,170,10,10
the beauty parlour,170,10,10
color correcting,170,20,10
new hairstyle,140,10,10
guy hairstyles,140,10,10
nearest barber shop,140,10,10
hair relaxer,140,10,10
hair color for men,140,10,10
blow dryer,140,10,10
hair ideas,140,10,10
mens shavers,140,10,10
haircuts for haircuts,140,10,10
beauty clinic,140,10,10
bridal hairstyle,140,10,10
best haircuts,110,10,10
ladies hair style,110,10,10
haircuts for curly hair,110,10,10
how to cut hair,110,10,10
layered hairstyles,110,10,10
spiral perm,110,10,10
bridal hair,110,10,10
african braids,110,10,10
updos,110,10,10
perms,110,10,10
cheap haircuts,110,10,10
lowlights,110,10,10
milford barber,110,10,10
local barber shops,90,10,10
ladies haircut,90,10,10
chemical straightening,90,10,10
permanent makeup,90,10,10
wedding hair and makeup,90,10,10
cut your own hair,90,10,10
african hair braiding,90,10,10
hair and makeup,90,10,10
nail buffer,90,10,10
types of haircuts,90,10,10
curly haircuts,90,10,10
the crows nest,90,10,10
hair removal wax,90,10,10
shoprite,90,10,10
mens barber near me,90,10,10
best hairstyles,70,10,10
mens hair salon near me,70,10,10
barber haircut,70,10,10
cut and style,70,10,10
trendy haircuts,70,10,10
barber nearby,70,10,10
salons,70,10,10
hair cutting style for female,70,10,10
barber shop near me open now,70,10,10
hair stylist near me,70,10,10
haircut style for girls,70,10,10
hair studio,70,10,10
fringe cut,70,10,10
fade cut,70,10,10
barbershop cast,70,10,10
waxing hair removal service,70,10,10
city barbers,70,10,10
shaving razor,70,10,10
barbershop 3,70,10,10
different hairstyles,50,10,10
mens barbers near me,50,10,10
good haircuts,50,10,10
nearest hair salon,50,10,10
mens hair salon,50,10,10
hair lightener,50,10,10
best hair color,50,10,10
teen haircuts,50,10,10
hair model,50,10,10
barber cut,50,10,10
make up salon,50,10,10
straight hair men,50,10,10
hair makeover,50,10,10
childrens haircuts,50,10,10
blow dry hair,50,10,10
permanent waves hair,50,10,10
split ends hair,50,10,10
barber shop company,50,10,10
how to trim your own hair,50,10,10
crow's nest,50,10,10
barbershop film,50,10,10
cut and color,50,10,10
cambridge barbers,50,40,10
hairstyle names,50,10,10
new haircut,40,10,10
best barbers near me,40,10,10
female haircuts,40,10,10
best hair extensions,40,10,10
barbers cut,40,10,10
mink eyelashes,40,10,10
barber supplies,40,10,10
barber shop close to me,40,10,10
barbers open on sunday,40,10,10
bridal hair and makeup,40,10,10
london barbers,40,10,10
organic hair salon,40,10,10
haircut at home,40,10,10
hairstyle ideas,40,10,10
hair cut styles for women,40,10,10
permanent eyelash extensions,40,10,10
haircut names,40,10,10
barbershops,40,10,10
men's hair cut,40,10,10
barber open now,40,10,10
latest haircut,30,10,10
kids hair salon,30,10,10
different haircuts,30,10,10
mens barber shop,30,10,10
shave and a haircut,30,10,10
eyelash extension kit,30,10,10
cutting your own hair short,30,10,10
cut own hair,30,10,10
lowlights hair,30,10,10
haircut shop near me,30,10,10
hair fashion,30,10,10
relaxer,30,10,10
cheap hair salons,30,10,10
color correction hair,30,10,10
brazilian blow dry,30,10,10
hair tint,30,10,10
best barber,30,10,10
women's hair salon,30,10,10
how to cut your own hair in layers,30,10,10
beard barber,30,10,10
hairdressing salon,30,10,10
men's salon,30,10,10
how to cut long hair,30,10,10
brow threading,30,10,10
barber shop quartet,30,10,10
hair style image,30,10,10
barber shop sydney,30,10,10
up do,30,10,10
hair by design,30,10,10
nail salons nearby,30,10,10
deep cleansing facial,30,10,10
makeup artist near me,30,10,10
valley barber shop,30,10,10
modern barber,30,10,10
hair definition,30,10,10
eyelash extensions price,30,10,10
shaved hair designs,30,10,10
wellington barber shop,30,10,10
good haircuts for men,30,10,10
modern hairstyles,20,10,10
barber websites,20,10,10
root touch up,20,10,10
shampoo for men,20,10,10
good barbers near me,20,10,10
hair extensions for men,20,10,10
barbers open on sunday near me,20,10,10
best hairdresser,20,10,10
natural hair care,20,10,10
partial highlights,20,10,10
hair cutting shop,20,10,10
straight razor shaving,20,10,10
barber shave,20,10,10
barbour shop,20,10,10
traditional barber shop,20,10,10
salon names,20,10,10
trim haircut,20,10,10
body hair trimmer,20,10,10
eyelash extensions cost,20,10,10
barber shop names,20,10,10
hair barber,20,10,10
new hair cut,20,10,10
hair threading,20,10,10
hair salon prices,20,10,10
straight perm,20,10,10
how to cut your own hair short,20,10,10
closest barber,20,10,10
top hair salon,20,10,10
best hair style,20,10,10
ladies hairdressers near me,20,10,10
how to cut my own hair,20,10,10
local barber,20,10,10
best eyelash extensions,20,10,10
barber hairstyle,20,10,10
hair locks,20,10,10
celebrity hair,20,10,10
mobile barber,20,10,10
face wax for men,20,10,10
hair designs for men,20,10,10
how to cut own hair,20,10,10
hair color for kids,20,10,10
how to trim hair,20,10,10
barber shop logo,20,10,10
eyelash extension lashes,20,10,10
barber brisbane,20,10,10
hot towel shave,20,10,10
best hairstyle,20,10,10
barber shop 2,20,10,10
how often should you cut your hair,20,10,10
bleached hair men,20,10,10
style hairstyle,20,10,10
how often should i cut my hair,20,10,10
hair and makeup salon,20,10,10
wedding hairdos,20,10,10
hair barber near me,20,10,10
the barber shop company,20,10,10
grafton barber,20,10,10
barber shops open,20,10,10
hair trimmer for men,20,10,10
waxing services near me,20,10,10
barbershop singing,20,10,10
nail repair,20,10,10
new haircut for women,20,10,10
milford barber shop,20,10,10
get a haircut,20,10,10
mens barber hamilton,20,20,10
barber shop hamilton nz,20,20,10
whos your barber hamilton,20,10,10
hair cutting hairstyle,10,10,10
new hairstyle cutting,10,10,10
closest barber shop,10,10,10
best barber shop,10,10,10
barber salon,10,10,10
barber store,10,10,10
barbershop 1,10,10,10
hair extensions cost,10,10,10
u cut hair,10,10,10
kids hair salon near me,10,10,10
barber shop supplies,10,10,10
barber shop finder,10,10,10
hair touch up,10,10,10
classic barber shop,10,10,10
hair color salon,10,10,10
barber shop haircuts,10,10,10
latest haircuts,10,10,10
american barber shop,10,10,10
artificial hair,10,10,10
barber shop razor,10,10,10
barber shop equipment,10,10,10
barber straight razor,10,10,10
barber shops open on sunday,10,10,10
haircut and style,10,10,10
black barber shop near me,10,10,10
barber shop near me now,10,10,10
trim hair salon,10,10,10
barber shop chairs,10,10,10
haircut shop,10,10,10
barber shop hours,10,10,10
cutting long hair,10,10,10
the best hair cut,10,10,10
barber shop prices,10,10,10
trim back hair,10,10,10
barber shop shave near me,10,10,10
old fashion barber shop,10,10,10
vintage barber shop,10,10,10
barber shop open sunday,10,10,10
haircut finance,10,10,10
different haircuts for women,10,10,10
split end cutter,10,10,10
hairstyle hairstyle,10,10,10
men's hair stylist,10,10,10
4 haircut,10,10,10
the best haircut,10,10,10
mens barber cuts,10,10,10
hair cut salons,10,10,10
long hair trim,10,10,10
latest hair cutting style,10,10,10
top haircut,10,10,10
mens hair styling,10,10,10
male barber shop near me,10,10,10
different haircut styles,10,10,10
hair extensions salon,10,10,10
hair and makeup artist,10,10,10
local hair salons,10,10,10
trim hairstyle,10,10,10
barber shoppe,10,10,10
salon hair color,10,10,10
men's barber shop,10,10,10
haircuts for,10,10,10
local barber shops near me,10,10,10
trimming natural hair,10,10,10
best bridal makeup,10,10,10
trimming split ends,10,10,10
eyelash implants,10,10,10
closest barber shop near me,10,10,10
the hair cut,10,10,10
hair trimmer for women,10,10,10
eyebrow grooming,10,10,10
trim your hair,10,10,10
mens barber haircuts,10,10,10
styl hair,10,10,10
hair extensions for kids,10,10,10
pictures of hairstyles,10,10,10
nearest barber shop to my location,10,10,10
barber business,10,10,10
high end hair salons,10,10,10
closest barber shop to me,10,10,10
men's hair salon,10,10,10
barber shops in the area,10,10,10
barbershop cuts,10,10,10
natural hair salon,10,10,10
hair salon cutting,10,10,10
a haircut,10,10,10
hair trimming scissors,10,10,10
local hairdressers,10,10,10
men's facial grooming,10,10,10
cut hair yourself,10,10,10
black hair salon,10,10,10
barbershop 4,10,10,10
barber shops open today,10,10,10
cut your hair,10,10,10
professional hair salon,10,10,10
salon hairstyle,10,10,10
hair braiding salon,10,10,10
hairdressers shop,10,10,10
how to cut hair at home,10,10,10
haircut design for ladies,10,10,10
trim my own hair,10,10,10
barber shop design,10,10,10
salon and spa,10,10,10
permanent hair,10,10,10
curly hair salon,10,10,10
bond haircut,10,10,10
how to cut your own hair women,10,10,10
ibarber,10,10,10
different hair cut for ladies,10,10,10
barber shops near my location,10,10,10
hot shave,10,10,10
link hair,10,10,10
pictures of haircuts,10,10,10
collateral haircut,10,10,10
cheap barber shop,10,10,10
hair salon offers,10,10,10
at barber shop,10,10,10
your barber shop,10,10,10
top hairdressers,10,10,10
hair salon services,10,10,10
kids barber shop,10,10,10
hair salon websites,10,10,10
find haircut,10,10,10
barber shops in,10,10,10
hair salon for women,10,10,10
mobile barber shop,10,10,10
women's shampoo,10,10,10
hair trims for long hair,10,10,10
unisex salon,10,10,10
beauty hair salon,10,10,10
barber shop close to my location,10,10,10
top hair stylist,10,10,10
kids barber shop near me,10,10,10
hair haircut,10,10,10
haircut offers,10,10,10
conditioning treatment,10,10,10
high end barber shop,10,10,10
trim your own hair,10,10,10
how to cut hair yourself,10,10,10
permanent blow dry,10,10,10
hair services,10,10,10
ethnic hair,10,10,10
best barber websites,10,10,10
my barber shop,10,10,10
where's the nearest barber shop,10,10,10
different types of haircuts,10,10,10
best beauty salon,10,10,10
hair cut pic,10,10,10
barber site,10,10,10
hair professionals,10,10,10
debt haircut,10,10,10
in haircuts,10,10,10
hamilton's barber shop,10,10,10
japanese thermal straightening,10,10,10
trimming hair ends,10,10,10
how to trim long hair,10,10,10
words for hair,10,10,10
cut hair to grow long,10,10,10
hair retouch,10,10,10
different haircuts for girls,10,10,10
cutting edge hair salon,10,10,10
nearby barber shop open,10,10,10
hairstyle with,10,10,10
mans hairstyle,10,10,10
how to cut split ends,10,10,10
barbershop books,10,10,10
barbershop 1 full movie,10,10,10
trimming girls hair,10,10,10
how to cut my own hair in layers,10,10,10
barbers leeds,10,10,10
barber shop business,10,10,10
ladies hair salon,10,10,10
different hairstyles for women,10,10,10
hamilton hk,10,10,10
barber barber,10,10,10
the cut barbershop,10,10,10
the barber shop sydney,10,10,10
chin wax,10,10,10
hamilton barber shop hours,10,10,10
how to cut your hair at home,10,10,10
barber shop usa,10,10,10
mens stylist,10,10,10
haircut economics,10,10,10
how to cut your hair in layers,10,10,10
hairst,10,10,10
cut own hair straight,10,10,10
how to cut hair in layers at home,10,10,10
haircut in banking,10,10,10
mens blow dryer,10,10,10
tip for haircut,10,10,10
types of haircut for female,10,10,10
how to trim split ends,10,10,10
cut own long hair,10,10,10
new haircut styles,10,10,10
hair color studio,10,10,10
barber shop open now,10,10,10
best haircut for,10,10,10
hair highlights for women,10,10,10
indian eyebrow threading,10,10,10
the barbers near me,10,10,10
how often should you trim your hair,10,10,10
how to cut your own hair straight,10,10,10
cutting hair cutting,10,10,10
beauty and hair salon,10,10,10
u cut hairstyle,10,10,10
how to trim hair at home,10,10,10
how to cut your own hair in long layers,10,10,10
nearest haircut shop,10,10,10
barbershop ice cube,10,10,10
hair cutting photo,10,10,10
how to cut your own long hair,10,10,10
what do split ends look like,10,10,10
avenue barber shop,10,10,10
how to cut your hair yourself,10,10,10
where to get a haircut,10,10,10
fairfield barbershop,10,10,10
barber shops in near me,10,10,10
the barbour shop,10,10,10
kids pedicure,10,10,10
chicago barbershop,10,10,10
hair make over,10,10,10
haircut or hair cut,10,10,10
barber shop the movie,10,10,10
barbara shops,10,10,10
different kinds of haircuts,10,10,10
how to trim my own hair,10,10,10
how to cut your own hair short layers,10,10,10
womens hairdressers,10,10,10
barber men,10,10,10
how to trim your own long hair,10,10,10
hair relaxer for men,10,10,10
nearest barbershop,10,10,10
trim hair at home,10,10,10
how to trim your hair,10,10,10
crows nest barbershop,10,10,10
barber shops in my area,10,10,10
the hairstyle,10,10,10
shaving design,10,10,10
eyelash extension salon,10,10,10
barber haircut designs,10,10,10
nearest beauty salon,10,10,10
how to trim long hair at home,10,10,10
does cutting your hair make it grow faster,10,10,10
types of haircut for ladies,10,10,10
facial beauty salon,10,10,10
hairdresser barber,10,10,10
styles hair salon,10,10,10
hamilton west barber shop,10,10,10
black salon,10,10,10
how to cut long hair at home,10,10,10
how often to cut hair,10,10,10
how often should i trim my hair,10,10,10
barber toronto,10,10,10
how to cut hair with scissors,10,10,10
clipping own hair,10,10,10
barber salon near me,10,10,10
lash extension salon,10,10,10
types of haircuts for women,10,10,10
barbers dublin,10,10,10
names of haircuts,10,10,10
hair parlour,10,10,10
professional hairdresser,10,10,10
hair trimming tool,10,10,10
beard barber shop,10,10,10
does cutting hair make it grow faster,10,10,10
boston barbers,10,10,10
how often to trim hair,10,10,10
hair cut or haircut,10,10,10
hair style pic,10,10,10
trim own hair,10,10,10
trimming your hair makes it grow faster,10,10,10
new barber shop,10,10,10
how to shave your own hair,10,10,10
new york barber shop,10,10,10
trim hair with scissors,10,10,10
how to trim own hair,10,10,10
hair hair salon,10,10,10
tips for cutting your own hair,10,10,10
how to cut my hair at home,10,10,10
how often should you get your hair trimmed,10,10,10
bridal hair stylist,10,10,10
heir design,10,10,10
best time to cut hair to make it grow,10,10,10
top beauty salon,10,10,10
how to cut your own split ends,10,10,10
kids manicure,10,10,10
haircut meaning,10,10,10
different types of haircuts for women,10,10,10
a hairstyle,10,10,10
can you cut your own hair,10,10,10
barber shop actors,10,10,10
how often should you get your haircut,10,10,10
how to cut back of hair,10,10,10
how to cut long hair straight across,10,10,10
pretty hair cuts,10,10,10
barber shops close to my location,10,10,10
how to cut off split ends,10,10,10
how to cut your own hair straight shoulder length,10,10,10
how to tell if you have split ends,10,10,10
how to cut the back of your own hair,10,10,10
cut your own long hair,10,10,10
hair wax salon,10,10,10
cutting style,10,10,10
how to fix bad hair color,10,10,10
top hairstyles,10,10,10
hair styleing,10,10,10
nice haircuts for guys,10,10,10
adult haircut,10,10,10
barber school hamilton,10,10,10
la barber,10,10,10
how to cut own hair in layers,10,10,10
hair salon design,10,10,10
popular hair cuts,10,10,10
how to cut own hair at home,10,10,10
cut own hair layers,10,10,10
does trimming hair make it grow faster,10,10,10
crows nest hamilton,10,10,10
how to trim your hair yourself,10,10,10
names of different haircuts,10,10,10
does cutting your hair make it grow,10,10,10
how much to trim hair,10,10,10
professional haircuts for men,10,10,10
how to cut dead ends,10,10,10
luxury hair salon,10,10,10
barbershop or barber shop,10,10,10
how to trim your hair at home,10,10,10
does your hair grow faster when you cut it,10,10,10
event makeup,10,10,10
diy hair trim,10,10,10
best beauty treatments,10,10,10
barber shop near by,10,10,10
barber machine,10,10,10
when to cut your hair,10,10,10
barber shop barangaroo,10,10,10
how to know if you have split ends,10,10,10
barbeer shop,10,10,10
hair bar,10,10,10
does cutting hair make it grow,10,10,10
trim cut hairstyle,10,10,10
james street hamilton,10,10,10
does hair grow faster if you cut it,10,10,10
how to trim long hair with scissors,10,10,10
how often should i get my hair trimmed,10,10,10
does trimming hair make it grow,10,10,10
what is a barber shop,10,10,10
does cutting split ends help hair grow,10,10,10
how to trim dead ends,10,10,10
cutting your own hair women,10,10,10
womens hairdresser,10,10,10
hair cutting tips at home,10,10,10
how to trim split ends on layered hair,10,10,10
us barber shop,10,10,10
how to trim hair ends,10,10,10
in hairstyles,10,10,10
hair stylist nearby,10,10,10
how to trim split ends at home,10,10,10
the barber shoppe,10,10,10
how to do haircut,10,10,10
ladies haircut names,10,10,10
how to trim hair with scissors,10,10,10
english haircut,10,10,10
does hair grow faster when cut,10,10,10
barbershop movie online,10,10,10
james street north hamilton,10,10,10
hamilton hair studio,10,10,10
barber shop phone number,10,10,10
does hair grow faster after a haircut,10,10,10
haircut terms,10,10,10
cutting hair tips,10,10,10
barber shop in australia,10,10,10
barber shop sign,10,10,10
hair cutting images for ladies,10,10,10
trim hair meaning,10,10,10
barber supplies hamilton ontario,10,10,10
westlake barber shop,10,10,10
auburn barber,10,10,10
how to trim women's hair,10,10,10
how to trim girls hair,10,10,10
hair hairstyle,10,10,10
bro barbershop,10,10,10
barber shop los angeles,10,10,10
barbershop club,10,10,10
benefits of trimming your hair,10,10,10
how to trim someone's hair,10,10,10
studio barber shop,10,10,10
haircut names for women,10,10,10
hair trim vs haircut,10,10,10
how to cut own long hair,10,10,10
beard trim hamilton,10,10,10
the barber shop kent street,10,10,10
barber shop with beer,10,10,10
cutting the back of your hair,10,10,10
d's barber shop,10,10,10
event hair,10,10,10
what are dead ends in your hair,10,10,10
the barbershop hours,10,10,10
barber shop hamilton nj,10,10,10
how to trim your ends,10,10,10
barbershop chorus,10,10,10
cutting one's own hair,10,10,10
different types of hairstyles,10,10,10
different kinds of hairstyles,10,10,10
best barbers in sydney,10,10,10
cool hair ideas,10,10,10
mens barber shop hamilton,10,10,10
hair style and cut,10,10,10
how to trim sides of hair,10,10,10
how to cut your hair evenly by yourself,10,10,10
barber shop city,10,10,10
how to trim hair men,10,10,10
is it easy to cut your own hair,10,10,10
where can i get a haircut,10,10,10
barber shop movie cast,10,10,10
barbershop modern,10,10,10
dbs barber shop,10,10,10
cute cut hairstyles,10,10,10
cut split ends without cutting length,10,10,10
tips for cutting own hair,10,10,10
trim split ends at home,10,10,10
how to trim your own hair ends,10,10,10
how to trim top of hair,10,10,10
define barber shop,10,10,10
us hair,10,10,10
the barbershop hamilton,10,10,10
bar bar shop,10,10,10
where is the nearest barber,10,10,10
easy way to trim your own hair,10,10,10
cutting your hair makes it grow faster,10,10,10
easy way to cut own hair,10,10,10
cambridge barbershop,10,10,10
is it good to cut split ends,10,10,10
barber shop story,10,10,10
how to cut your own hair girl,10,10,10
how to properly cut your own hair,10,10,10
tbs hamilton,10,10,10
how to self trim hair,10,10,10
how to trim the ends of your hair,10,10,10
do haircut,10,10,10
how to trim medium length hair yourself,10,10,10
how to trim someone's long hair,10,10,10
nearest barber shop in my location,10,10,10
fresh cuts barber shop hamilton,10,10,10
why you should cut your hair,10,10,10
how to trim off split ends,10,10,10
if i trim my hair will it grow,10,10,10
dimensional color,10,10,10
should you trim your hair,10,10,10
how to cut hair by self,10,10,10
barber and co hamilton,10,10,10
cutting own hair with scissors,10,10,10
how to cut off your own split ends,10,10,10
how to shorten long hair,10,10,10
hair barber shop,30,10,0
best hair salon,20,10,0
haircut 2016,10,10,0
find a barber shop near me,10,10,0
black barber shops,10,0,0
barber services,10,10,0
a barber shop,10,10,0
best hair stylist,10,10,0
hair cutting hair cutting,10,0,0
barber chain,10,0,0
hair colorist,10,0,0
babeshop,10,0,0
good barber shops,10,0,0
shop barber,10,0,0
men's barbershop,10,0,0
best salon,10,10,0
best hair highlights,10,10,0
trim haircuts,10,0,0
barber and shop,10,0,0
local haircut,10,0,0
professional hair stylist,10,10,0
hair cute style,10,0,0
upscale barber shop,10,0,0
new hair salon,10,0,0
best barber shops,10,0,0
men hairdo,10,0,0
mens barbershop near me,10,0,0
the best barber shop,10,0,0
good hair salon,10,10,0
cool barber shops,10,10,0
barbing hair styles,10,10,0
best hair scissors for split ends,10,0,0
trimmers salon,10,0,0
best hair cutting style,10,10,0
trim my hair,10,10,0
semi permanent eyelashes,10,10,0
her cutting style,10,0,0
black barber shop,10,0,0
hair cutting fashion,10,0,0
split end hair cutter,10,10,0
haircuts haircuts,10,0,0
barber shop number,10,0,0
barber sharp,10,10,0
guys barber shop,10,0,0
the best hair salon,10,0,0
barber shop near me hours,10,0,0
hairdressing offers,10,10,0
buying a barbershop,10,0,0
full service barber shop near me,10,0,0
hair stylist salon,10,0,0
hair color specialist,10,10,0
styles hairstyles,10,0,0
the closest barber shop,10,10,0
top barber shops,10,0,0
self hair trimmer,10,10,0
haircut in,10,0,0
hairstyles and haircuts,10,10,0
le barbershop,10,0,0
men's barber shop haircuts,10,0,0
hair salons that color hair,10,0,0
barber saloon,10,10,0
cut your hair yourself,10,10,0
chain barber shops,10,0,0
at the barber shop,10,0,0
natural hair stylist,10,0,0
barshop,10,10,0
straight razor barber shop,10,0,0
different style haircuts,10,0,0
barber shop bar,10,10,0
hair salon hair dye,10,0,0
nearest barbour shop,10,0,0
cut hair for growth,10,0,0
barber shop shaver,10,0,0
salon website,10,10,0
haircut options,10,0,0
upscale hair salon,10,0,0
hair cutting hair,10,0,0
a cut hairstyle,10,10,0
male barber shop,10,10,0
the bar shop,10,0,0
hair cut stail,10,0,0
hair cutting method,10,0,0
hairdresser shop,10,10,0
relaxed hair products,10,0,0
ethnic hair care,10,0,0
rockabilly barber,10,0,0
barber & shop,10,0,0
the nearest barber shop,10,0,0
various hair cut,10,0,0
barber hours,10,0,0
hair trimmer clips,10,0,0
best barbershop websites,10,0,0
closest barber shop to my location,10,0,0
barber shop for,10,0,0
barber shop online,10,10,0
hair cut style with name,10,0,0
cutting off split ends,10,0,0
find barber shop,10,10,0
nearest barbershop to my location,10,0,0
salon barber shop,10,0,0
hair salons in,10,0,0
the best hair stylist,10,0,0
crows shop,10,0,0
trimming hair for growth,10,0,0
hair stylist men,10,0,0
barber shop locations,10,0,0
trim end,10,0,0
thomas barber shop,10,0,0
nest toronto,10,0,0
best permanent makeup,10,0,0
a style haircut,10,0,0
barber & parlour,10,0,0
new type hairstyle,10,0,0
salon prices,10,10,0
stylish hairstyle for men,10,10,0
best way to trim hair,10,0,0
threading salon,10,0,0
salon hair care,10,0,0
black hair stylist,10,10,0
new ladies hair cutting styles,10,0,0
women's hair extensions,10,0,0
top rated hair salons,10,10,0
trim head hair,10,0,0
the shop barber,10,10,0
barbour store,10,0,0
top barber,10,10,0
a cut haircut,10,0,0
trimming hair for hair growth,10,0,0
hair style cut for woman,10,0,0
hairdressers trim,10,0,0
unisex hair salon,10,0,0
barber shop barber shop,10,0,0
hair style salons,10,0,0
closest barber shop from my location,10,0,0
barber shop on,10,0,0
trim hairdressers,10,0,0
hair salon barber shop,10,0,0
close barber shops,10,0,0
recommended hair salons,10,0,0
barber shop austin,10,0,0
great barber shop,10,0,0
barber shop store,10,10,0
hair trim styles,10,10,0
that barber shop,10,0,0
different hairstyles for ladies,10,0,0
cutting dead ends,10,0,0
the barbers hours,10,0,0
barber place,10,10,0
best salon hair color,10,0,0
the barbershop 1,10,0,0
barber shop hair salon,10,10,0
professional barber shop,10,10,0
barber shop originals,10,0,0
razors barbershop,10,0,0
barber shop toronto,10,0,0
on hair salon,10,0,0
northside barbers,10,0,0
cutting hair grow faster,10,0,0
find me a haircut,10,0,0
hair barber shop near me,10,0,0
spalon,10,0,0
trimming long hair with clippers,10,0,0
barber shop appointment,10,0,0
barber store near me,10,0,0
hair salon highlights,10,0,0
stylist for men,10,10,0
hair salon haircut,10,10,0
flirt eyelashes,10,0,0
different styles of haircuts,10,10,0
take a haircut,10,0,0
split ends after haircut,10,0,0
great hair salons,10,0,0
barber shops hours,10,0,0
hair salon on,10,0,0
nearest men's barber shop,10,0,0
nice barber shop,10,0,0
barber shop times,10,0,0
trimming black hair,10,0,0
all hair cut style,10,0,0
where's the closest barber shop,10,10,0
best semi permanent eyelashes,10,0,0
barbershop men,10,0,0
trimming hair benefits,10,0,0
barber shop dvd,10,0,0
studio hair salon,10,10,0
haircut by,10,0,0
kinds of haircut,10,10,0
african braiding salon,10,0,0
short hair trim,10,10,0
what haircut,10,0,0
in the barber shop,10,0,0
popular hair salon,10,0,0
cutting ends of hair,10,0,0
call haircut,10,0,0
best cutting hair,10,0,0
ladies cut styles,10,0,0
children's hair salon,10,0,0
high end barber shops near me,10,0,0
mens hair shop,10,0,0
hairdressing for men,10,10,0
professional barber,10,0,0
barber online shop,10,0,0
crows news,10,10,0
a salon,10,10,0
good nail salons,10,10,0
hair with,10,10,0
best haircut for split ends,10,0,0
natural beauty salon,10,10,0
barber shop film,10,10,0
the barbers prices,10,0,0
eyelash salon,10,10,0
modern barber shop,10,10,0
haircut cut,10,0,0
traditionals barber shop,10,0,0
find the nearest barber shop,10,0,0
trendy barber shops near me,10,0,0
beauty salon in,10,10,0
boys barber shop,10,0,0
closest men's barbershop,10,0,0
the drake general store,10,0,0
barber shop hong kong,10,0,0
salon hair salon,10,0,0
barber shop sunday hours,10,0,0
which haircut,10,0,0
barbers in,10,0,0
trim layered haircut,10,0,0
find a hairdresser,10,10,0
how to cut the back of your hair,10,10,0
some hair cut,10,0,0
hair salon hair,10,0,0
healthy haircut,10,0,0
south austin barber shop,10,0,0
cutting split ends makes hair grow faster,10,0,0
long trimmed hair,10,0,0
salons that do eyelash extensions,10,0,0
hair dizain,10,0,0
trimming dead ends,10,0,0
top nail salon,10,0,0
hip barber shop,10,0,0
hair salons for black hair,10,0,0
will your hair grow if you have split ends,10,0,0
what to buy a barber,10,0,0
barber show,10,0,0
local hair stylist,10,0,0
barber haircut numbers,10,0,0
cutting off dead ends,10,0,0
barber hair shop,10,10,0
how to trim your own short hair,10,10,0
barber shop inside,10,0,0
stylist barber shop,10,0,0
call barber shop,10,0,0
downtown barber shop,10,0,0
barber one,10,0,0
logo barber shop,10,0,0
hair growth after cutting,10,0,0
nearest open barber shop,10,0,0
post haircut,10,0,0
roys barber shop,10,0,0
how to cut your own hair at home,10,10,0
some hair cut style,10,0,0
barber shop windsor,10,0,0
different hair style cutting,10,0,0
the man barbershop,10,0,0
male hair salon,10,0,0
hair correction,10,0,0
at the barbershop,10,0,0
clip to cut your own hair,10,0,0
hair color services,10,0,0
cuts haircuts,10,0,0
salon and barber shop,10,0,0
hair salon barber shop near me,10,0,0
beauty hair salons,10,0,0
cut end,10,10,0
bedford barbers,10,0,0
hair stylist for women,10,0,0
haircut haircut,10,0,0
nearest mens barbers,10,0,0
hair color finder,10,0,0
hair barbershop,10,0,0
best barber shop haircuts,10,0,0
barber shop packages,10,0,0
haircuts for hair,10,0,0
getting long hair cut,10,0,0
oxford barbers,10,10,0
the barber saloon,10,0,0
cutting split ends helps hair grow,10,0,0
the nearest barber shop to me,10,0,0
how to cut layers in long hair yourself,10,10,0
trim hair grow faster,10,10,0
barber shop online store,10,0,0
hair with style,10,0,0
ways to cut hair,10,10,0
inside barber shops,10,10,0
trim hair to grow longer,10,0,0
thermal conditioning,10,0,0
barber haircut near me,10,0,0
hair trim ideas,10,0,0
will your hair grow faster if you cut it,10,0,0
jackson barber shop,10,0,0
call the barbershop,10,0,0
mens room barber shop,10,0,0
cutting split ends on natural hair,10,0,0
hair salons and barber shops near me,10,10,0
the barber salon,10,0,0
barber shop one,10,0,0
find hair stylist,10,0,0
will my hair grow if i have split ends,10,0,0
online barber shop,10,0,0
local beauticians,10,0,0
barber austin,10,0,0
hair beautician,10,0,0
how to cut long hair yourself,10,10,0
fancy barber shop,10,0,0
what do you cut hair with,10,0,0
old barber shop,10,0,0
do regular trims help hair grow,10,0,0
york barber shop,10,0,0
hair salon s,10,0,0
if you cut your split ends will your hair grow,10,0,0
old man barber shop,10,0,0
hair architects,10,0,0
african hair stylist,10,0,0
hair salon hair extensions,10,10,0
trim split ends yourself,10,0,0
top salon,10,10,0
african hair braiding cornrow styles,10,0,0
hair and salon,10,0,0
end trim,10,0,0
barber shop boys,10,10,0
pre haircut,10,0,0
la barber shop,10,0,0
twist hair cut split ends,10,0,0
beauty stylist,10,10,0
arabic barber shop,10,0,0
for haircut,10,0,0
barber bar,10,0,0
unisex beauty salon,10,10,0
hair trimming guide,10,0,0
the nearest barber shop near me,10,0,0
hair straightener for kids,10,10,0
barbers birmingham,10,0,0
trimming split ends on natural hair,10,0,0
cutting your split ends,10,0,0
women's hair straighteners,10,0,0
dudes barber shop,10,0,0
maesons barbershop,10,0,0
how to cut women's hair at home,10,0,0
scissors to cut hair at home,10,0,0
hair salon and barber shop,10,0,0
ethnic hair salons,10,0,0
where can i get eyelash extensions,10,0,0
hipster barber shop,10,0,0
cut your own hair layers,10,10,0
best way to trim split ends,10,0,0
barber shops still open,10,0,0
hair hairdressers,10,0,0
avon barber shop,10,0,0
famous barber shops,10,0,0
find a barber,10,0,0
trim straight hair,10,0,0
mens pedicure,10,10,0
salon treatment,10,10,0
barber haircut men,10,0,0
barber shop services,10,0,0
what's a barber shop,10,10,0
peoples barber shop,10,0,0
new hair salons,10,0,0
full service hair salon,10,0,0
best way to cut your own hair,10,10,0
easy way to cut your own hair,10,10,0
find a hair salon,10,0,0
kent barbers,10,0,0
barbershop wiki,10,10,0
best barber brisbane,10,10,0
barbers barbershop,10,0,0
bellevue barber shop,10,0,0
hair salon spa,10,0,0
hairstyle and cutting,10,0,0
new different hairstyles,10,0,0
perm hair salon,10,10,0
nail massage,10,0,0
barber shop ottawa,10,10,0
pics of hair cuts,10,0,0
how to cut hair at home by yourself,10,10,0
architect hair design,10,0,0
how to trim layered hair,10,0,0
logan barber shop,10,0,0
hot to trim hair,10,0,0
mens barber brisbane,10,10,0
barber shop downtown,10,0,0
barber shop and bar,10,0,0
hair trimming tips,10,10,0
where's the closest barber,10,0,0
barber windsor,10,0,0
barber shop machine,10,0,0
hair braiding shops,10,0,0
the hamilton barber shop,10,0,0
marion barber shop,10,0,0
closest open barber shop,10,0,0
how to trim long hair yourself,10,10,0
the barber shop online,10,0,0
first barber shop,10,0,0
ladies hairdressers,10,10,0
salon barber,10,0,0
different types of haircut for ladies,10,10,0
barber shop timings,10,0,0
i want long hair but i have split ends,10,0,0
the haircut shop,10,0,0
styles barber shop,10,0,0
how to trim hair yourself,10,0,0
how to cut split ends at home,10,10,0
barber shop and hair salon,10,0,0
barber s,10,0,0
barbershop 1 movie,10,0,0
usa barber shop,10,0,0
haircut rate,10,0,0
when to cut hair,10,10,0
hair cut styl,10,0,0
cedric the entertainer barbershop,10,0,0
how to trim back hair,10,0,0
home barber shop,10,0,0
capital haircut,10,0,0
does trimming your hair make it grow faster,10,10,0
the barber shop cast,10,0,0
o barbershop,10,0,0
eyebrow threading places,10,0,0
the barber shop hong kong,10,0,0
barber shop sunday,10,0,0
barber shop that serves beer near me,10,0,0
barber shop coupons,10,0,0
franklin barber shop,10,10,0
where is the nearest barber shop,10,0,0
best time to cut hair for growth,10,0,0
barber shop cafe,10,0,0
west barber shop,10,10,0
manicure services,10,10,0
where's the nearest barber,10,0,0
ways to cut your hair,10,0,0
how to trim your own hair at home,10,10,0
crows nest hours,10,0,0
how to cut hair straight across,10,0,0
hair pro salon,10,0,0
female hairdressers,10,10,0
architect salon,10,0,0
the nearest barber,10,0,0
how to trim short hair at home,10,0,0
how to cut women's long hair,10,0,0
barbershop wien,10,0,0
trim barber shop,10,0,0
new hair cut for ladies,10,0,0
crews nest,10,0,0
womens hair salon,10,10,0
local barber shops open today,10,0,0
when to cut hair for growth,10,0,0
local beauty,10,0,0
barber shop wiki,10,0,0
eddie's barber shop,10,0,0
how to cut the back of your hair yourself,10,0,0
hair braiding places,10,0,0
how to cut ladies hair at home,10,0,0
brunswick barber shop,10,0,0
haircut investopedia,10,0,0
where to get hair highlights,10,0,0
hipster barber shop near me,10,10,0
nest hk,10,0,0
does trimming hair help it grow,10,10,0
how to cut split ends on black hair,10,10,0
afro hair stylist,10,0,0
hair trim for men,10,0,0
pics of haircuts,10,10,0
local makeup artist,10,0,0
here cutting style,10,0,0
barber shop haircuts designs,10,10,0
trimming long straight hair,10,0,0
what is hair trimming,10,0,0
barber shop reviews near me,10,0,0
how to blunt cut your own hair,10,10,0
wedding stylist packages,10,0,0
baxter barber shop,10,0,0
deep cleaning facials,10,0,0
mens haircuts brisbane,10,0,0
dye job,10,10,0
quality barbers,10,0,0
how to cut your split ends,10,10,0
the barbershop madison,10,0,0
barber shop facebook,10,0,0
best barber shop in la,10,0,0
the barber shop barangaroo,10,0,0
professional hair care supplies,10,0,0
the barber shop bar,10,0,0
parper shop,10,0,0
barber shop vienna,10,0,0
eyebrow threading salon,10,0,0
barber shop close by,10,0,0
easiest way to cut your own hair,10,0,0
hair cut s,10,0,0
how to trim hair female,10,0,0
kensington barbers,10,0,0
haircut synonym,10,10,0
pedicure services,10,0,0
how to trim your own hair long,10,0,0
barber shop 2002,10,0,0
barber austin tx,10,0,0
cutting long hair at home,10,10,0
california barber shop,10,0,0
how to cut my own long hair,10,0,0
best place for pedicure,10,0,0
new haircut name,10,0,0
how to cut one's own hair,10,0,0
clipping your own hair,10,0,0
hair salon locator,10,0,0
pictures of female haircut,10,0,0
barber shops that's open today,10,0,0
define haircut,10,0,0
how often should you trim your ends,10,0,0
best makeup salon,10,0,0
trimming long hair at home,10,0,0
aurora barber shop,10,0,0
where is the closest barber shop,10,0,0
how to trim the back of your hair,10,0,0
how to trim your own split ends,10,0,0
different kinds of haircuts for ladies,10,0,0
does trimming your hair help it grow,10,0,0
barber shop menu,10,0,0
does trimming help hair grow,10,0,0
barber shop photos,10,0,0
local barber shops open,10,0,0
how to cut split ends on layered hair,10,0,0
one barber shop,10,0,0
how to trim my hair,10,0,0
how to cut your own hair with scissors,10,0,0
hot guys in towels,10,0,0
trim your hair at home,10,0,0
ontario barber shop,10,0,0
hair cut style and name,10,0,0
different kinds of hair cut,10,0,0
how often do you cut your hair,10,0,0
hair salon hair salon,10,0,0
how to trim ends,10,0,0
crows nest markets,10,0,0
closest barber shop that's open,10,0,0
air cut style,10,0,0
the barber shop hamilton nj,10,0,0
nice hair cut for ladies,10,0,0
local beauty therapists,10,0,0
does cutting your hair help it grow,10,10,0
barber shop near here,10,10,0
the barber shop york street,10,10,0
haircut finance example,10,0,0
florence barber shop,10,0,0
best beauty shop,10,10,0
what is haircut,10,0,0
ber shop,10,0,0
barber shop group,10,10,0
barber los angeles,10,10,0
barber shop jacksonville,10,0,0
trim hair yourself,10,0,0
hai trim,10,0,0
how to trim your split ends,10,0,0
ebarbershop,10,0,0
troys barber shop,10,10,0
trim your hair yourself,10,0,0
hair styling services,10,0,0
barber shop nj,10,0,0
barbers portsmouth,10,0,0
ricky's barber shop,10,0,0
how do you know if you have split ends,10,0,0
kinds of haircut for female,10,0,0
barber shop and salon,10,0,0
ways to cut your own hair,10,0,0
hair cut and hair style,10,0,0
all kinds of haircuts,10,0,0
cutting split ends at home,10,0,0
designer hairdressers,10,10,0
how to cut your hair in layers by yourself,10,0,0
how to trim my own short hair,10,0,0
prune hair,10,0,0
google barber,10,0,0
styles of hairstyles,10,0,0
loan haircut,10,0,0
hair trimming video,10,0,0
best way to cut hair at home,10,0,0
how to cut your own hair at home yourself,10,10,0
barbershop cd,10,0,0
how to cut own hair women,10,0,0
hollywood barber shop,10,0,0
hair trim meaning,10,0,0
barber shops around my area,10,0,0
kinds of hairstyle,10,0,0
how to cut ends of hair,10,10,0
how to trim hair at home layered,10,0,0
barbershop geneva,10,0,0
best barbers in los angeles,10,0,0
will trimming hair make it grow faster,10,0,0
hair cutting style picture,10,0,0
womens hair highlights,10,0,0
what is trimming of hair,10,0,0
trimming hair at home tips,10,0,0
barbershop movie 2002,10,0,0
barber shop voucher,10,0,0
hair beauty salons,10,0,0
how do i trim my own hair,10,0,0
hair salon salon,10,0,0
cut women's hair at home,10,0,0
how does trimming hair make it grow faster,10,0,0
best haircut names,10,0,0
anderson barber shop,10,0,0
new type of haircut,10,0,0
an haircut,10,0,0
t barber shop,10,0,0
barber shop description,10,0,0
does your hair grow faster when you trim it,10,0,0
should i trim my hair,10,0,0
hair cut meaning,10,0,0
all types of haircuts,10,0,0
barber shop language,10,0,0
does your hair grow faster if you cut it,10,10,0
barber shops in la,10,0,0
best hot towel shave,10,0,0
barber shop specials,10,0,0
how to your own hair,10,0,0
how to give yourself a trim,10,0,0
how to cut split ends yourself,10,0,0
how can i trim my own hair,10,0,0
does hair grow faster when you cut it,10,0,0
is it hard to cut your own hair,10,0,0
is trimming good for hair growth,10,0,0
haircut stylish,10,0,0
kinds of haircut for women,10,0,0
barbershop s,10,0,0
what is the best haircut,10,0,0
trim hair products,10,0,0
when should you cut your hair,10,0,0
images of different hair cuts,10,0,0
how to clip your own hair,10,0,0
how to trim back of hair,10,0,0
how to cut split ends on short hair,10,0,0
barber shop uncut,10,0,0
hair salon opening hours,10,10,0
what time does the barber shop open,10,0,0
does trimming your hair make it grow,10,0,0
ethnic hairstyles,10,0,0
nice haircut styles,10,0,0
how to cut the length of your own hair,10,0,0
how often to get hair trimmed,10,0,0
barber online store,10,10,0
real barber shop near me,10,0,0
pics of different hair style,10,0,0
does hair grow faster after you cut it,10,0,0
when to trim hair,10,0,0
trim your own split ends,10,0,0
the barbershop quartet,10,0,0
barbas shop,10,0,0
a haircut or an haircut,10,0,0
the best way to cut your own hair,10,0,0
who to cut your own hair,10,0,0
barbers mansfield,10,0,0
mean haircut,10,10,0
how to trim your own back hair,10,0,0
barbie barber shop,10,0,0
how many hair cut,10,0,0
hair cutting definition,10,0,0
pics of hair cutting style,10,0,0
amherst barber shop,10,0,0
how to trim the back of your own hair,10,0,0
best way to cut own hair,10,0,0
barcelona barber shop,10,0,0
is it possible to cut your own hair,10,0,0
best way to trim your own hair,10,0,0
ladies hair cutting image,10,10,0
cut hair to make it grow,10,0,0
nails waxing,10,0,0
how to trim long hair at home yourself,10,0,0
how many haircuts for ladies,10,0,0
how do you trim your own hair,10,0,0
how to trim long hair men,10,0,0
does hair grow faster after a trim,10,0,0
can i trim my own hair,10,0,0
trim your own hair at home,10,0,0
brunswick barber,10,0,0
haircut tips for long hair,10,0,0
the haircutting shop,10,0,0
trim haircut girl,10,0,0
how to trim split ends on natural hair,10,0,0
cutting your own split ends,10,0,0
how to cut hair yourself with scissors,10,10,0
how often to cut hair when growing it out,10,0,0
how to cut your own hair in layers with scissors,10,0,0
types of haircut with images,10,0,0
hair trimming techniques,10,0,0
best way to cut split ends,10,0,0
how to cut off dead ends,10,0,0
how to do hair cut,10,10,0
facebook barber shop,10,10,0
how to trim your own hair with layers,10,10,0
is trimming hair good for growth,10,0,0
how much to cut hair,10,0,0
the barber shop bar sydney,10,0,0
how to cut your own ends,10,0,0
hot to cut your own hair,10,0,0
hair salon barber,10,0,0
does cutting your split ends help hair grow,10,10,0
how to trim long straight hair,10,0,0
how to cut your own dead ends,10,0,0
does cutting your hair make it healthier,10,0,0
old fashioned barbershop,10,0,0
barber shop los angeles ca,10,10,0
how to trim split ends on long hair,10,0,0
types of hair cutting styles,10,0,0
tips for trimming your own hair,10,10,0
cedric barber,10,0,0
how hard is it to cut your own hair,10,0,0
movie the barbershop,10,0,0
ti barber shop,10,0,0
how to cut your hair with scissors,10,0,0
image hair cutting,10,10,0
how to shave own hair,10,0,0
barber barber prices,10,0,0
amazon barber,10,0,0
cutting the back of your own hair,10,0,0
how many inches is a trim,10,0,0
how to trim your own ends,10,0,0
how to cut your own hair women long,10,0,0
trimming long hair yourself,10,10,0
how to cut different hairstyles,10,0,0
how to cut your hair evenly,10,0,0
what is haircut in finance,10,0,0
trim your own hair men,10,0,0
rob's barber shop,10,0,0
how to cut split ends yourself on black hair,10,0,0
cutting tips of hair,10,0,0
why trim hair,10,0,0
yelp barber,10,0,0
own hair,10,0,0
should i cut my split ends,10,0,0
how to cut our hair,10,0,0
how often should you trim hair,10,0,0
best time to trim hair for growth,10,0,0
how to trim your hair men,10,0,0
barber shop us,10,0,0
how to cut your ends,10,0,0
how to do trim,10,0,0
different types of hairstyle images,10,0,0
clipping ends,10,0,0
how to trim shoulder length hair yourself,10,0,0
ba shops,10,0,0
does your hair grow faster if you trim it,10,10,0
how to trim my hair myself,10,10,0
how to cut your own layers long hair,10,0,0
hair how to,10,10,0
how often to trim hair when growing it out,10,0,0
how often are you supposed to cut your hair,10,0,0
barber shop opening hours,10,0,0
how to cut hair at home with scissors,10,0,0
cat's barber shop,10,0,0
how to cut ends of hair at home,10,0,0
how to trim damaged hair,10,0,0
how to trim straight hair,10,0,0
haircut dictionary,10,0,0
how to cut tips of hair,10,10,0
australian barber shops,10,0,0
does getting a trim help hair grow,10,0,0
trim your own long hair,10,10,0
how much is a trim haircut,10,0,0
how to cut back of own hair,10,0,0
if you trim your hair will it grow faster,10,0,0
best way to cut my own hair,10,0,0
does hair grow faster if you trim it,10,0,0
how to properly cut hair,10,0,0
the movie the barber shop,10,0,0
how often should i get a trim,10,0,0
how to cut my own split ends,10,0,0
how often do you trim your hair,10,10,0
can you trim your own hair,10,10,0
barbershop 2002 watch online,10,0,0
how to trim your hair by yourself,10,10,0
when to trim your hair,10,0,0
amazon barber shop,10,0,0
when did barbershop come out,10,0,0
trimming hair to make it grow,10,0,0
nice ladies hair cut,10,0,0
how to cut my split ends,10,0,0
how to cut the ends of your hair,10,0,0
cool ways to cut your hair,10,0,0
inch of hair cut off,10,0,0
how to trim my hair at home,10,0,0
how to trim the back of your hair by yourself,10,0,0
is it good to cut your hair,10,0,0
how to cut length of hair,10,0,0
barbershio,10,0,0
how to cut ends,10,0,0
diy trim long hair,10,0,0
if you have split ends does your hair still grow,10,0,0
new barbershop movie,10,0,0
jamaican barber shop,10,0,0
why cut split ends,10,0,0
tbs barbershop,10,0,0
how to cut your own hair split ends,10,0,0
how to cut hair split ends,10,0,0
turkish barbers hamilton,10,10,0
how to know when to cut your hair,10,0,0
easy way to trim hair,10,0,0
do you have to cut split ends,10,0,0
barber shop ricky,10,0,0
how to cut your dead ends,10,10,0
why does your hair grow faster when you cut it,10,10,0
how does cutting your hair help it grow,10,0,0
barber shop brothers,10,0,0
how to cut your long hair yourself,10,0,0
if you cut your hair will it grow faster,10,0,0
how to cut your split ends at home,10,0,0
barber near here,10,0,0
how often to trim hair for maximum growth,10,0,0
how much hair to trim,10,10,0
nice female haircut,10,0,0
how to trim girls long hair,10,0,0
how often should you get a hair trim,10,0,0
brookfield barber shop,10,0,0
how often are you supposed to trim your hair,10,0,0
easy way to cut my own hair,10,0,0
how often should u cut your hair,10,0,0
nail salon opening hours,10,0,0
haircut financial term,10,0,0
hair salon and barber,10,0,0
the barber shop opening times,10,0,0
how to trim hair at home by yourself,10,0,0
tips for cutting your hair short,10,0,0
the barber shop the movie,10,0,0
does your hair grow faster after you cut it,10,0,0
how much hair should i trim,10,0,0
barbers livingston,10,0,0
the barber movie,10,10,0
how easy is it to cut your own hair,10,0,0
how to trim your,10,0,0
is trimming your hair healthy,10,0,0
do haircuts help hair grow,10,0,0
barbershop cedric,10,0,0
how do you cut split ends,10,10,0
barber shop or barbershop,10,10,0
barber la,10,0,0
all barber shops,10,0,0
how to cut own split ends,10,0,0
how to trim your long hair,10,0,0
haircut meaning in finance,10,0,0
does cutting your hair make it grow longer,10,0,0
barshop movie,10,0,0
how often should you cut long hair,10,0,0
how to trim the top of your hair,10,0,0
does cutting off split ends help hair grow faster,10,0,0
barber shop staff,10,0,0
toombul barber,10,0,0
how to trim womens hair,10,0,0
how to trim and layer your own hair,10,10,0
does getting your hair trimmed make it grow faster,10,10,0
how often should you trim long hair,10,0,0
haircut in trading,10,0,0
the closest barber shop to me,10,0,0
does your hair grow if you have split ends,10,10,0
barber shop harmony,10,0,0
one barbershop,10,0,0
when should i trim my hair,10,0,0
menu barbershop,10,0,0
where is the nearest barbershop,10,0,0
how often should you get your ends trimmed,10,0,0
barber shop app,10,10,0
cut hair tips,10,0,0
how often to cut long hair,10,0,0
ghetto barber shop,10,0,0
what does trimming your hair do,10,0,0
does trimming make hair grow faster,10,0,0
is it good to trim your hair,10,0,0
how to trim the ends of your own hair,10,0,0
how much to trim hair for growth,10,0,0
how to trim your hair yourself at home,10,0,0
how to trim hair with layers,10,10,0
barber shop inc,10,0,0
how to trim own hair at home,10,0,0
how to trim hair evenly,10,10,0
best way to trim long hair,10,0,0
how often should you cut your split ends,10,10,0
trim sides of hair,10,0,0
easiest way to trim your own hair,10,0,0
how often should long hair be trimmed,10,0,0
getting hair trimmed,10,0,0
does trimmed hair grow faster,10,0,0
how many times should you cut your hair,10,0,0
how to cut your own hair easy,10,0,0
how ro cut hair,10,0,0
when should i cut my hair for growth,10,0,0
how much should you trim your hair,10,0,0
how trimming hair makes it grow,10,0,0
how often to cut hair if growing out,10,0,0
how often to trim long hair,10,0,0
do you have to trim your hair,10,0,0
how often to trim hair for growth,10,0,0
how to cut split ends on long hair,10,0,0
how to trim own long hair,10,10,0
how to shorten hair without cutting,10,10,0
how to not cut your hair,10,0,0
how to trim the top of your hair with scissors,10,0,0
how often should u trim your hair,10,0,0
how to cut the ends of your own hair,10,0,0
awesome barber shops,10,0,0
not cutting your hair for a year,10,10,0
how to know if you have split ends natural hair,10,0,0
when to cut your hair for growth,10,10,0
how to cut dead ends off curly hair,10,10,0
cedric barber shop,10,0,0
how often should u cut ur hair,10,0,0
easy way to trim long hair,10,0,0
haircut haircut haircut,10,10,0
best barber shop logos,10,0,0
how to trim long hair by yourself,10,0,0
barbershop movie characters,10,0,0
how much should i cut off my hair,10,0,0
how to trim dead ends at home,10,0,0
how to cut of split ends,10,0,0
barber the,10,0,0
cheap mens barber shop near me,10,0,0
cool barber shop logos,10,0,0
barbershop studios,10,10,0
haircut examples,10,0,0
barbershop location,10,0,0
creative barber,10,0,0
how to cut own hair with scissors,10,0,0
james street barber,10,0,0
does hair trimming make it grow faster,10,0,0
does a trim help hair grow,10,0,0
how often to trim your hair,10,0,0
barber n,10,0,0
should you cut split ends,10,0,0
barbershop musik,10,0,0
tips for cutting long hair,10,0,0
does hair grow quicker if you cut it,10,10,0
how to self trim your hair,10,0,0
does cutting split ends really help,10,0,0
barbershop icecube,10,0,0
cut the tips of your hair,10,0,0
how to trim my long hair,10,0,0
barber shop l,10,0,0
how to trim your dead ends,10,0,0
how to cut back of your hair,10,0,0
how to cut dead ends off hair,10,0,0
what does haircut mean,10,0,0
how to cut your own hair dry,10,0,0
english barber shop,10,0,0
the barber shop logo,10,0,0
what is a hair cut,10,0,0
how often should you have your hair trimmed,10,0,0
how often to get hair trimmed when growing it out,10,0,0
how to give yourself a hair trim,10,0,0
ice cube barbershop movies,10,0,0
money haircut,10,0,0
haircut in stocks,10,10,0
barbershop with a bar,10,0,0
how often to cut your hair when growing it out,10,0,0
does cutting off dead ends help hair grow,10,10,0
diy hair trim split ends,10,0,0
where is the closest barber,10,0,0
how to cut ends of long hair,10,0,0
how to trim ends at home,10,0,0
washington barber,10,0,0
hair trimming tutorial,10,0,0
what is haircut in banking,10,0,0
how long is a trim haircut,10,0,0
why does cutting hair make it grow,10,10,0
u cut haircut,10,10,0
trim haircut for girl,10,0,0
does cutting split ends make hair grow faster,10,0,0
how to cut your own hair evenly,10,0,0
how to cut dead ends off long hair,10,0,0
why does trimming hair make it grow faster,10,0,0
trim ends natural hair,10,0,0
how often should you cut split ends,10,0,0
how often to trim hair when growing it long,10,0,0
how to tell if u have split ends,10,0,0
trimming the back of your hair,10,0,0
day's barber shop,10,10,0
definition hair,10,0,0
will cutting my hair make it grow faster,10,0,0
how long to cut hair,10,0,0
will trimming my hair make it grow faster,10,0,0
growing hair out how often to trim,10,0,0
should you cut your split ends,10,0,0
does hair grow if you have split ends,10,0,0
does trimming your hair help it grow faster,10,0,0
when to cut split ends,10,0,0
trim own split ends,10,0,0
why trimming hair makes it grow faster,10,0,0
barber shop i,10,0,0
how to clip own hair,10,0,0
does hair really grow faster when you trim it,10,0,0
the barber shop sydney bar,10,0,0
how to properly cut split ends,10,0,0
how much hair is a trim,10,0,0
does cutting your hair really make it grow faster,10,0,0
how to trim a girls hair,10,0,0
meaning of haircut in finance,10,0,0
how often to cut split ends,10,0,0
does hair grow faster after trimming,10,0,0
what does a trim mean haircut,10,0,0
getting your hair trimmed,10,0,0
what does haircut mean in finance,10,10,0
how to trim own split ends,10,0,0
diy long hair trim,10,0,0
do i have to cut my split ends,10,0,0
is trimming your hair good,10,0,0
what does trimming hair do,10,0,0
diy split end trim,10,0,0
cut the ends of your hair,10,0,0
barber shops that close late,10,0,0
does cutting my hair make it grow faster,10,0,0
how to trim your head,10,0,0
does hair grow better when trimmed,10,0,0
how to evenly trim your own hair,10,0,0
haircut adjustment,10,0,0
how to trim your hair with clippers,10,0,0
how often to trim split ends,10,0,0
does hair grow longer if you cut it,10,0,0
how to cut dead ends off your own hair,10,0,0
growing hair how often to trim,10,0,0
hair cut vs haircut,10,0,0
barber shop for sell,10,0,0
how to trim my ends myself,10,0,0
does trimming your hair make it grow longer,10,0,0
barber shop west,10,0,0
where's the closest barber shop to me,10,0,0
the barber shop sydney review,10,0,0
what's the closest barber shop to me,10,0,0
how to trim someone's hair at home,10,0,0
trim hair tutorial,10,10,0
the shop barbershop,0,0,0
find me a barber shop,0,0,0
find nearest barber shop,0,0,0
barber parlor,0,0,0
scissors to cut split ends,0,0,0
traditional barber shop near me,0,0,0
hair trimming for growth,0,0,0
find a barbershop,0,0,0
the barbershop for men,0,0,0
latest cutting styles,0,0,0
hairstyles styles,0,0,0
hair cut style ladies,0,0,0
razor shop barber shop,0,0,0
hair color gloss treatment,0,0,0
barbershop near me hours,0,0,0
various haircuts for ladies,0,0,0
hair cut style new,0,0,0
new haircut 2016,0,0,0
the barber store,0,0,0
find me the closest barber shop,0,0,0
find me the nearest barber shop,0,0,0
do trims help your hair grow,0,0,0
piedmont barbers,0,0,0
sunday barber shops,0,0,0
rt 33 barber shop,0,0,0
cut of hairstyle,0,0,0
barber share,0,0,0
barber shop list,0,0,0
www hair cutting style,0,0,0
drake store toronto,0,0,0
crows nest toronto,0,0,0
haircut investment,0,0,0
regular trims to help hair grow,0,0,0
& hair salon,0,0,0
barber shop haircut numbers,0,0,0
style cutting hairstyle,0,0,0
og barber shop,0,0,0
trimming hair to grow longer,0,0,0
barber s shop,0,0,0
different female haircuts,0,0,0
barber shop near me that's open,0,0,0
best kids hair salon,0,0,0
west chester barber shop,0,0,0
upscale salon,0,0,0
find closest barber shop,0,0,0
barbershop book,0,0,0
can your hair grow if you have split ends,0,0,0
harrison barber shop,0,0,0
vs barber shop,0,0,0
trim hair for faster growth,0,0,0
trimming your own natural hair,0,0,0
hair salons for natural hair,0,0,0
black barber shops open on sunday,0,0,0
hair and barber shop,0,0,0
cutting own split ends,0,0,0
barber shops open on easter,0,0,0
barbershop 1 and 2,0,0,0
barber shop open near me now,0,0,0
trimming split ends benefits,0,0,0
cutting split ends hair growth,0,0,0
best hair salon in,0,0,0
yelp barber shop,0,0,0
can trimming hair help it grow faster,0,0,0
security haircut,0,0,0
1 inch trim hair,0,0,0
call the drake hotel,0,0,0
the barber studio,0,0,0
nearest barber shop open today,0,0,0
barber shop set,0,0,0
barber shop hours near me,0,0,0
trimming ends hair growth,0,0,0
private barber shop,0,0,0
any barber shop,0,0,0
lebanon barber shop,0,0,0
black hair stylists,0,0,0
barber shop austin tx,0,0,0
austin barbershop,0,0,0
can i cut my own split ends,0,0,0
best rated hair salons,0,0,0
machine barber shop,0,0,0
barber shops open on labor day,0,0,0
classic barbershop haircuts,0,0,0
columbus barber shop,0,0,0
locate barber shop,0,0,0
salon beauty salon,0,0,0
finest barber shop,0,0,0
best barber in austin,0,0,0
mike's barber shop hours,0,0,0
stylist salon,0,0,0
hair salon directory,0,0,0
name of different haircuts with pictures,0,0,0
nearest barber shop my location,0,0,0
pictures of different haircuts,0,0,0
find local barber shops,0,0,0
hair on style,0,0,0
best barbers in chicago,0,0,0
hair cot,0,0,0
barber shop southlake,0,0,0
haircut pics with name,0,0,0
will barber shop,0,0,0
barber shop old,0,0,0
crowsnest barber,0,0,0
men's side hair designs,0,0,0
barber store online,0,0,0
how many hair cut style,0,0,0
hairstyle in,0,0,0
how to cut your own hair in u shape,0,0,0
airbrushing service,0,0,0
burnet barber shop,0,0,0
cleveland barber shop,0,0,0
how to trim black hair,0,0,0
how to cut hair in layers at home with scissors,0,0,0
find me the nearest barber,0,0,0
how much is a trim for hair,0,0,0
salem barber shop,0,0,0
i have split ends but i want my hair long,0,0,0
how to trim split ends on black hair,0,0,0
how to clip ends,0,0,0
canton barber shop,0,0,0
montgomery barber shop,0,0,0
different hair cut photos,0,0,0
beauty salon make up,0,0,0
different styles of haircut for ladies,0,0,0
barber shop near me location,0,0,0
how to trim your own short hair at home,0,0,0
barber shop wikipedia,0,0,0
lancaster barber,0,0,0
how many hair style,0,0,0
new cutting hair style,0,0,0
the barber place,0,0,0
new latest hair cutting,0,0,0
different types of hair cutting styles,0,0,0
how to trim layered hair yourself,0,0,0
ok google hairstyles,0,0,0
barber school hamilton ontario,0,0,0
hair salon beauty,0,0,0
dover barber shop,0,0,0
images of different haircuts,0,0,0
best barber shop barcelona,0,0,0
how to cut hair styles,0,0,0
guide to cutting your own hair,0,0,0
sharks barbershop,0,0,0
pics of different haircuts,0,0,0
at home hair trim,0,0,0
hair cut of 2016,0,0,0
beauty salon eyebrow shaping,0,0,0
diff types of haircut,0,0,0
the barber shop club,0,0,0
the barbershop 1 full movie,0,0,0
how much hair to cut off for split ends,0,0,0
barber shop downtown chicago,0,0,0
best barber shops in houston,0,0,0
google haircut styles,0,0,0
how to trim head hair,0,0,0
vintage barber shop hamilton,0,0,0
unisex nail salon,0,0,0
nice hair cut pics,0,0,0
barber shop information,0,0,0
haircut for money,0,0,0
what haircuts are in style,0,0,0
at home barber shop,0,0,0
how to trim my own long hair,0,0,0
the barber shop sydney nsw,0,0,0
this is the barber shop,0,0,0
pic of hair cutting style,0,0,0
how to trim my own hair in layers,0,0,0
hair styles different,0,0,0
cali barber shop,0,0,0
how to trim your back hair,0,0,0
melrose barber shop,0,0,0
different types of haircut images,0,0,0
how to trim hair yourself at home,0,0,0
hair style a,0,0,0
baber shop film,0,0,0
how to cut hair yourself female,0,0,0
barbershop part 1,0,0,0
how to clip split ends,0,0,0
beauty salon locations,0,0,0
barber shops in texas,0,0,0
how to cut your hair yourself at home,0,0,0
how to trim your own hair women,0,0,0
what are the different types of haircuts,0,0,0
texas barbershop,0,0,0
what is haircut in stock market,0,0,0
good looking hair cut,0,0,0
how to trim long hair with layers,0,0,0
easy way to cut split ends,0,0,0
barber shop movie release date,0,0,0
barbour shop opening times,0,0,0
how to cut ur hair,0,0,0
barber shop truck,0,0,0
hair trims to make hair grow,0,0,0
when to trim hair for growth,0,0,0
hair cut in style,0,0,0
street barber shop,0,0,0
this is it barber shop,0,0,0
how to cut split ends black hair,0,0,0
haircut ratio,0,0,0
barbershop comedy,0,0,0
sidney barber shop,0,0,0
cute ways to get your haircut,0,0,0
state barber shop,0,0,0
where is a barber shop near me,0,0,0
how to grow cut hair faster,0,0,0
barber shop or hair salon,0,0,0
campus barber hamilton,0,0,0
best barber shop in my area,0,0,0
how to trim ends of long hair,0,0,0
frontline barber shop hamilton,0,0,0
de barber shop,0,0,0
hair design barber shop,0,0,0
where is the closest barber shop to my location,0,0,0
eddy barber shop,0,0,0
best barber shops in chicago,0,0,0
how to trim women's hair with scissors,0,0,0
before and after hair trim,0,0,0
how to cut your own split ends video,0,0,0
how often should i get my ends clipped,0,0,0
does cutting dead ends help hair grow,0,0,0
how much split ends to cut off,0,0,0
how much hair should i cut,0,0,0
mens haircut definitions,0,0,0
helena barber shop,0,0,0
how to cut your own hair length,0,0,0
does trimming hair help it grow faster,0,0,0
is it healthy to cut your hair,0,0,0
barber shop move,0,0,0
does getting your hair trimmed help it grow,0,0,0
barbershop 1 trailer,0,0,0
barber shop eddie,0,0,0
how do you know you have split ends,0,0,0
images of different hairstyles,0,0,0
the barber shop york st,0,0,0
bears barber shop,0,0,0
how to trim hair at home men,0,0,0
best time to trim hair,0,0,0
trim back of hair,0,0,0
how to trim hair ends at home,0,0,0
who wrote the movie barbershop,0,0,0
hair cuttery hamilton,0,0,0
best way to cut your hair,0,0,0
how to cut your own hair ends,0,0,0
pnuts barber shop,0,0,0
where can i find a barber shop,0,0,0
how to trim hair at home with scissors,0,0,0
haircut hamilton ontario,0,0,0
barber shop hamilton ohio,0,0,0
trim end us hair,0,0,0
trimming medium length hair,0,0,0
what is the meaning of haircut in share market,0,0,0
details barbershop,0,0,0
where is the closest barbershop to me,0,0,0
how to cut hair cut,0,0,0
barbershop atm scene,0,0,0
barbershop cat,0,0,0
he barber shop,0,0,0
when to cut your hair to make it grow,0,0,0
do hair cut,0,0,0
inside a barber shop,0,0,0
how do you know when you have split ends,0,0,0
how to cut split ends on your own,0,0,0
why should you trim your hair,0,0,0
baber show,0,0,0
how to know if u have split ends,0,0,0
the good barber barber shop,0,0,0
does cutting dead ends make hair grow faster,0,0,0
trimming your own hair layers,0,0,0
how to trim your own layers,0,0,0
cast barber shop,0,0,0
barbershop 1 online,0,0,0
better man's barber shop,0,0,0
how do you trim long hair,0,0,0
does ur hair grow faster when u cut it,0,0,0
how to cut off split ends at home,0,0,0
how to cut all split ends,0,0,0
how often should trim hair,0,0,0
meaning of trimming hair,0,0,0
barber hamilton nsw,0,0,0
cutting a part in your hair,0,0,0
front line barber shop hamilton,0,0,0
how to know when to trim your hair,0,0,0
barbershop first movie,0,0,0
where is the barber shop,0,0,0
does clipping your hair make it grow,0,0,0
keith david barber shop,0,0,0
the closest barber shop to my location,0,0,0
s and s barber shop,0,0,0
how to easily trim your own hair,0,0,0
will trimming your hair make it grow faster,0,0,0
is it bad to cut your own split ends,0,0,0
what is the nearest barber shop,0,0,0
barber shop e,0,0,0
how to clip ends of natural hair,0,0,0
should you cut off split ends,0,0,0
why is it good to trim your hair,0,0,0
is trimming hair necessary,0,0,0
diy cut split ends,0,0,0
can cutting your hair make it grow faster,0,0,0
should i get my hair trimmed while growing it out,0,0,0
when should we cut our hair,0,0,0
barbershop 33,0,0,0
how many times should i trim my hair,0,0,0
how to cut the tips of your hair,0,0,0
how to trim your layers,0,0,0
getting a trim haircut,0,0,0
how do you trim hair,0,0,0
how often to get hair trimmed if growing it out,0,0,0
how to trim your hair with scissors,0,0,0
when growing your hair out should you get it trimmed,0,0,0
barber shop employee,0,0,0
how to trim my own ends,0,0,0
what time does the barber shop close today,0,0,0
how to trim very long hair,0,0,0
barber shops open christmas eve,0,0,0
what is the closest barber shop,0,0,0
the barber & shop,,0,0
hair cutting hair cutting hair cutting,,0,0
barber pub,,0,0
barber e shop,,0,0
barbershop 3 near me,,0,0
barber shops looking for barbers,,0,0
the barber parlor,,0,0
the barber and shop,,0,0
barber shop wien,,0,0
very long hair trim,,0,0
hair cut at,,0,0
the guys barber shop,,0,0
haircut for women list,,0,0
long hair trim ends,,0,0
page barber shop hours,,0,0
hair dijain,,0,0
trimmings hair salon,,0,0
the shop haircut,,0,0
page barber shop,,0,0
haircut value,,0,0
hispanic barber shop,,0,0
guys barber shop hours,,0,0
trimming but hair,,0,0
auburn barber shop,,0,0
new different haircuts,,0,0
barber shop salon near me,,0,0
blvd barber shop,,0,0
barber shop that's open,,0,0
route 33 barber shop,,0,0
at the shop barber shop,,0,0
a and a barber shop,,0,0
local hair extensions,,0,0
hairsnipped,,0,0
barber shops downtown,,0,0
be u salon and barber shop,,0,0
barber shop open on 4th of july,,0,0
find the closest barber shop,,0,0
the closest barber shop near me,,0,0
a & c barber shop,,0,0
american barber shop near me,,0,0
barber shop that's open on sundays near me,,0,0
barber shop locations near me,,0,0
the closest barbershop to my location,,0,0
letest hair cut,,0,0
ashland barber shop,,0,0
cute hair trims,,0,0
cutting ends of hair grow faster,,0,0
what's the closest barber shop,,0,0
cutting split ends black hair,,0,0
the closest barbershop,,0,0
best barber shops in austin,,0,0
jersey barber shop,,0,0
barber parlor hours,,0,0
different haircut designs,,0,0
springfield barber shop,,0,0
split hair cutter,,0,0
bethel barber shop,,0,0
barber shop the nine,,0,0
our barber shop,,0,0
barber shop limeridge mall,,0,0
local permanent makeup,,0,0
find me barber shops,,0,0
local hair treatment,,0,0
old crow barbershop,,0,0
just a trim hair salon,,0,0
mens barber shop houston,,0,0
find me a barber shop near me,,0,0
mens barber shop austin,,0,0
texas barber shop,,0,0
the nearest barber shop to my location,,0,0
holiday barber shop,,0,0
old crow barber shop,,0,0
barber shops near me still open,,0,0
barber shop cincinnati,,0,0
the barber sharp,,0,0
old crow barber,,0,0
hairdresser clayfield,,0,0
the barber shop limeridge mall,,0,0
does barber shop,,0,0
south austin barbershop,,0,0
lakewood barbershop,,0,0
show me the closest barber shop,,0,0
barber shop louisville,,0,0
lancaster barber shop,,0,0
berber store,,0,0
south austin barber,,0,0
locate the nearest barber shop,,0,0
barbing shop,,0,0
black barber shop austin,,0,0
fremont barber shop,,0,0
newark barber shop,,0,0
the barbershop dvd,,0,0
what is haircut in share trading,,0,0
rickys barbershop,,0,0
barber shop hamilton ontario,,0,0
how long is the movie barbershop,,0,0
mens barber shop denver,,0,0
in color hair salon,,0,0
avenue barber shop austin,,0,0
yaletown barber,,0,0
how to different hair style,,0,0
the barbershop salon,,0,0
when does barber shop come out,,0,0
smiths barber shop,,0,0
greenville barber shop,,0,0
barber shop hamilton mountain,,0,0
ej barber,,0,0
special barber shop,,0,0
best barber shops in milwaukee,,0,0
wilmington barber shop,,0,0
west chester barbershop,,0,0
middletown barber shop,,0,0
how to clip your own ends,,0,0
hair cutting styal,,0,0
pelham barber shop,,0,0
trenton barber shop,,0,0
akways barber shop,,0,0
barbershop adalah,,0,0
barber shop north austin,,0,0
marietta barber shop,,0,0
how to cut hair one length at home,,0,0
barber shop or salon,,0,0
oslo barber shop,,0,0
various types of haircuts,,0,0
barber shop loveland,,0,0
best barbers in austin tx,,0,0
haircut downtown austin,,0,0
club barber shop,,0,0
2 guys barber shop,,0,0
barber shop downtown austin,,0,0
33 barber shop,,0,0
willard barber shop,,0,0
mount vernon barber shop,,0,0
kinds of haircut style,,0,0
how to clip your ends,,0,0
how to do hair trimming at home,,0,0
barber shop round rock texas,,0,0
roanoke barber shops,,0,0
how to u cut your own hair,,0,0
barber shop s,,0,0
barbershop original movie,,0,0
split cut hair,,0,0
northfield barber shop,,0,0
uncut barber shop,,0,0
huntsville barber shops,,0,0
barber shop preview,,0,0
moose barber shop hamilton,,0,0
chicago's barber shop,,0,0
barber shop decatur,,0,0
austin texas barbershop,,0,0
windsor barber shops,,0,0
barbershop norge,,0,0
how to trim long layered hair at home,,0,0
trim hair salon inc,,0,0
barber shop store near me,,0,0
barber shop bee cave tx,,0,0
trim a hair salon,,0,0
sharks barber shop,,0,0
clip ends natural hair,,0,0
how to clip hair ends,,0,0
gb barber shop,,0,0
logo babershop,,0,0
cedric the entertainer barber shop,,0,0
barber shop pflugerville tx,,0,0
cutting the hair style,,0,0
haircut percentage,,0,0
barbershop originals,,0,0
how to cut split ends of hair at home,,0,0
when to cut hair to make it grow faster,,0,0
barber shop cedar park tx,,0,0
apa itu barber shop,,0,0
how we cut our hair in layers,,0,0
flynns barber shop,,0,0
stow barber shop,,0,0
austin tx barbershop,,0,0
barbershop round rock tx,,0,0
the nearest barbershop,,0,0
how to cut ur hair in layers,,0,0
jamal's barber shop,,0,0
how to cut split hair,,0,0
cuba's barbershop hamilton ohio,,0,0
barber shops that are open on sundays near me,,0,0
closest barber shop in my area,,0,0
how to trim your own dead ends,,0,0
how to cut your own hair tips,,0,0
empire barber shop hamilton,,0,0
how many inches to cut off split ends,,0,0
barber shop sunset,,0,0
q's barbershop,,0,0
how to cut hair correctly,,0,0
how to trim your ends natural hair,,0,0
is cutting your hair healthy,,0,0
barber shop lakeway tx,,0,0
trenton barber,,0,0
chars barber shop,,0,0
de barber hair salon,,0,0
importance of trimming hair,,0,0
barber shop arabic,,0,0
colorado barber shop,,0,0
hair salon or barber shop near me,,0,0
how to do u hair cut,,0,0
the mens barber shop,,0,0
does clipping ends help hair grow,,0,0
does getting your haircut help it grow,,0,0
should i cut my hair to make it grow,,0,0
how to properly trim hair,,0,0
barber shop rt 33 hamilton nj,,0,0
studio 5 barber shop hamilton,,0,0
barber shop pub,,0,0
original barber shop movie,,0,0
barber shop 7,,0,0
how to clip dead ends,,0,0
delaware barber shop,,0,0
the barber shop kent st,,0,0
hair it is barber shop,,0,0
cats barber shop,,0,0
benefits of trimming natural hair,,0,0
barber shop brewery,,0,0
los barber shop,,0,0
how to cut only split ends,,0,0
directions to the nearest barber shop,,0,0
barbershop vs barber shop,,0,0
ok google barber shops near me,,0,0
best trimmed haircuts,,0,0
how to do trimming of hair at home,,0,0
does cutting your ends make your hair grow,,0,0
what is haircut in trading,,0,0
barber shop mn,,0,0
how to clip my ends,,0,0
how to cut an inch off your hair,,0,0
finns barber shop,,0,0
where is a barber shop,,0,0
barber shop hours of operation,,0,0
how to clip split ends on natural hair,,0,0
where are the nearest barber shops,,0,0
how to cut ends on natural hair,,0,0
why is trimming your hair important,,0,0
hamilton plaza barber shop,,0,0
best barber shop in bangalore,,0,0
this is it barber shop austin tx,,0,0
barber shop headquarters,,0,0
wallace barber shop,,0,0
cuban barber shop hamilton ohio,,0,0
barber shop hamilton mt,,0,0
ok google barber shop,,0,0
barber shop south,,0,0
wilshire barber shop,,0,0
where are the closest barber shops,,0,0
downtown austin barbershop,,0,0
tates barber shop,,0,0
the nearest barbershop to my location,,0,0
what is the closest barber shop to me,,0,0
hamilton ny barber,,0,0
barber shop hamilton ny,,0,0
ok google where's the nearest barber shop,,0,0
where's the closest barber shop to my location,,0,0
google find me a barber shop,,0,0
